name, atom, M0, P11
PRL, C3, -0.200475026, 6.87396669992 0 0 6.87396669992 0 6.87396669992
PRL, C2, 0.060321826, 7.09144286893 0 0 7.09144286893 0 7.09144286893
PRL, C1, 0.26719675, 6.7355401541 0 0 6.7355401541 0 6.7355401541
PRL, O, -0.634471811, 5.36536743365 0 0 5.36536743365 0 5.36536743365
PRL, H3, 0.049462171, 2.56214536127 0 0 2.56214536127 0 2.56214536127
PRL, H2, 0.002378823, 2.58204579817 0 0 2.58204579817 0 2.58204579817
PRL, H1, -0.015210808, 2.59075489772 0 0 2.59075489772 0 2.59075489772
PRL, HO, 0.38470572, 2.01745905864 0 0 2.01745905864 0 2.01745905864
ETL, C2, -0.291486066, 6.96635616811 0 0 6.96635616811 0 6.96635616811
ETL, C1, 0.461551042, 6.71481668179 0 0 6.71481668179 0 6.71481668179
ETL, O, -0.64778794, 5.43599457089 0 0 5.43599457089 0 5.43599457089
ETL, H2, 0.071143321, 2.58898746175 0 0 2.58898746175 0 2.58898746175
ETL, H1, -0.056808665, 2.6010518174 0 0 2.6010518174 0 2.6010518174
ETL, HO, 0.377910351, 2.04999406101 0 0 2.04999406101 0 2.04999406101
PRC, O1, -0.408924086, 5.09781103091 0 0 5.09781103091 0 5.09781103091
PRC, C1, 0.382179488, 6.26783356928 0 0 6.26783356928 0 6.26783356928
PRC, C2, 0.198247049, 5.90126044593 0 0 5.90126044593 0 5.90126044593
PRC, O2, -0.370043966, 5.2139033984 0 0 5.2139033984 0 5.2139033984
PRC, C3, -0.492003426, 6.7645474728 0 0 6.7645474728 0 6.7645474728
PRC, C4, 0.802804339, 7.8282756245 0 0 7.8282756245 0 7.8282756245
PRC, O3, -0.567159577, 6.35161501108 0 0 6.35161501108 0 6.35161501108
PRC, H1, 0.012774469, 2.52143499518 0 0 2.52143499518 0 2.52143499518
PRC, H2, 0.011849007, 2.41556189951 0 0 2.41556189951 0 2.41556189951
PRC, H3, 0.139475917, 2.46079682364 0 0 2.46079682364 0 2.46079682364
FRM, O, -0.51671575, 6.20123735779 0 0 6.20123735779 0 6.20123735779
FRM, C, 0.528307724, 8.10949784355 0 0 8.10949784355 0 8.10949784355
FRM, N, -0.727911129, 6.66351515167 0 0 6.66351515167 0 6.66351515167
FRM, HC, 0.010150131, 2.83650642049 0 0 2.83650642049 0 2.83650642049
FRM, HN, 0.353084509, 2.26518294049 0 0 2.26518294049 0 2.26518294049
PHL, C1, -0.257223077, 9.19780020087 0 0 9.19780020087 0 9.19780020087
PHL, H1, 0.150544173, 2.75387283318 0 0 2.75387283318 0 2.75387283318
PHL, C2, -0.107220961, 9.13019711617 0 0 9.13019711617 0 9.13019711617
PHL, H2, 0.127656679, 2.77870548096 0 0 2.77870548096 0 2.77870548096
PHL, C3, -0.162291033, 9.24398080559 0 0 9.24398080559 0 9.24398080559
PHL, H3, 0.120680436, 2.88250932656 0 0 2.88250932656 0 2.88250932656
PHL, CO, 0.369803064, 9.26636331309 0 0 9.26636331309 0 9.26636331309
PHL, O, -0.497942054, 5.6352699162 0 0 5.6352699162 0 5.6352699162
PHL, HO, 0.342235957, 1.93144513218 0 0 1.93144513218 0 1.93144513218
DMS, C, -0.28059956, 8.40023516241 0 0 8.40023516241 0 8.40023516241
DMS, S, 0.241979055, 14.9258190263 0 0 14.9258190263 0 14.9258190263
DMS, O, -0.446357121, 7.54138972414 0 0 7.54138972414 0 7.54138972414
DMS, H, 0.1275962, 2.55569161797 0 0 2.55569161797 0 2.55569161797
MTL, C, 0.183827128, 6.42737861094 0 0 6.42737861094 0 6.42737861094
MTL, O, -0.59543338, 5.60296984927 0 0 5.60296984927 0 5.60296984927
MTL, HC, 0.01030802, 2.50586937631 0 0 2.50586937631 0 2.50586937631
MTL, HO, 0.380682228, 1.85100446677 0 0 1.85100446677 0 1.85100446677
DEE, C2, -0.296191334, 7.10478299331 0 0 7.10478299331 0 7.10478299331
DEE, H2, 0.07524108, 2.58402977382 0 0 2.58402977382 0 2.58402977382
DEE, C1, 0.368055203, 6.98709048534 0 0 6.98709048534 0 6.98709048534
DEE, H1, -0.04045305, 2.6294116692 0 0 2.6294116692 0 2.6294116692
DEE, O, -0.433362032, 5.82582220665 0 0 5.82582220665 0 5.82582220665
HEX, C1, -0.220115128, 7.05132981565 0 0 7.05132981565 0 7.05132981565
HEX, C2, 0.146872575, 7.17271446469 0 0 7.17271446469 0 7.17271446469
HEX, C3, -0.046164261, 7.20425565038 0 0 7.20425565038 0 7.20425565038
HEX, H1, 0.04816359, 2.63084660244 0 0 2.63084660244 0 2.63084660244
HEX, H2, -0.022910891, 2.55841123488 0 0 2.55841123488 0 2.55841123488
HEX, H3, 0.010368891, 2.52111652485 0 0 2.52111652485 0 2.52111652485
ACE, CO, 0.717183074, 7.92284298433 0 0 7.92284298433 0 7.92284298433
ACE, CH, -0.457901398, 7.19330670431 0 0 7.19330670431 0 7.19330670431
ACE, O, -0.53671005, 5.83421226919 0 0 5.83421226919 0 5.83421226919
ACE, H, 0.12255496, 2.50309429909 0 0 2.50309429909 0 2.50309429909
TOL, C1, -0.48679219, 7.31075532308 0 0 7.31075532308 0 7.31075532308
TOL, H1, 0.128565772, 2.57126530768 0 0 2.57126530768 0 2.57126530768
TOL, C2, 0.34481093, 9.41904469888 0 0 9.41904469888 0 9.41904469888
TOL, C3, -0.261548238, 9.19246244199 0 0 9.19246244199 0 9.19246244199
TOL, H3, 0.139921172, 2.71510969447 0 0 2.71510969447 0 2.71510969447
TOL, C4, -0.102695062, 9.25031265909 0 0 9.25031265909 0 9.25031265909
TOL, H4, 0.121531601, 2.83537738546 0 0 2.83537738546 0 2.83537738546
TOL, C5, -0.160494539, 9.20304066236 0 0 9.20304066236 0 9.20304066236
TOL, H5, 0.122359551, 2.88794400249 0 0 2.88794400249 0 2.88794400249
DCM, Cl, -0.05512144, 14.4852944665 0 0 14.4852944665 0 14.4852944665
DCM, C, -0.315462749, 10.0611687246 0 0 10.0611687246 0 10.0611687246
DCM, H, 0.212852828, 2.51584164886 0 0 2.51584164886 0 2.51584164886
CHL, Cl, 0.024685101, 14.2989050054 0 0 14.2989050054 0 14.2989050054
CHL, C, -0.348038604, 12.6851886151 0 0 12.6851886151 0 12.6851886151
CHL, H, 0.27398332, 2.61349458824 0 0 2.61349458824 0 2.61349458824
TET, C, -0.474301754, 15.1576573248 0 0 15.1576573248 0 15.1576573248
TET, Cl, 0.118575455, 14.0700941158 0 0 14.0700941158 0 14.0700941158
BEN, C, -0.111864049, 9.02145610538 0 0 9.02145610538 0 9.02145610538
BEN, H, 0.111864048, 2.79156494409 0 0 2.79156494409 0 2.79156494409
WAT, OW, -0.674444081, 5.73935090215 0 0 5.73935090215 0 5.73935090215
WAT, HW, 0.337222056, 2.3083905146 0 0 2.3083905146 0 2.3083905146
SOL, OW, -0.674444081, 5.73935090215 0 0 5.73935090215 0 5.73935090215
SOL, HW2, 0.337222056, 2.3083905146 0 0 2.3083905146 0 2.3083905146
SOL, HW1, 0.337222056, 2.3083905146 0 0 2.3083905146 0 2.3083905146
THF, C1, 0.225750459, 6.4211101486 0 0 6.4211101486 0 6.4211101486
THF, H1, -0.001771675, 2.63817520037 0 0 2.63817520037 0 2.63817520037
THF, C2, -0.043387228, 6.7335516507 0 0 6.7335516507 0 6.7335516507
THF, H2, 0.017311093, 2.56255504996 0 0 2.56255504996 0 2.56255504996
THF, O, -0.426884155, 5.41567574251 0 0 5.41567574251 0 5.41567574251
DIO, O, -0.366755178, 
DIO, C, 0.061939735, 
DIO, H, 0.06071893, 
